<?xml version="1.0" encoding="UTF-8" ?>

<gatt out="gatt_db.c" header="gatt_db.h" prefix="gattdb_">

    <service uuid="1800">
      <description>Generic Access Profile</description>

      <characteristic uuid="2a00">
        <properties read="true" const="true" />
        <value>Sky Pack BGM111 BGAPI</value>
      </characteristic>

      <characteristic uuid="2a01">
        <properties read="true" const="true" />
        <value type="hex">0000</value>
      </characteristic>
    </service>
    
    <service uuid="b0b00000-0000-0000-0000-1234567890ab" advertise="true">
        <description>Sky Pack</description>
		
	<characteristic uuid="b6b60000-0000-0000-0000-1234567890ab" id="accelerometer">
            <description>XYZ Accel</description>
            <properties read="true" notify="true" />
            <value length="17" />
        </characteristic>

	<characteristic uuid="b7b70000-0000-0000-0000-1234567890ab" id="magnetometer">
            <description>XYZ Mag</description>
            <properties read="true" notify="true" />
            <value length="17" />
        </characteristic>
    
	<characteristic uuid="b8b80000-0000-0000-0000-1234567890ab" id="temperature">
            <description>Temperature</description>
            <properties read="true" notify="true" />
            <value length="7" />
        </characteristic>

	<characteristic uuid="b9b90000-0000-0000-0000-1234567890ab" id="gyro">
            <description>XYZ Gyro</description>
            <properties read="true" notify="true" />
            <value length="17" />
        </characteristic>

	<characteristic uuid="bbbb0000-0000-0000-0000-1234567890ab" id="irradiance">
            <description>Irradiance</description>
            <properties read="true" notify="true" />
            <value length="10" />
        </characteristic>

	<characteristic uuid="bcbc0000-0000-0000-0000-1234567890ab" id="wiper_freq">
            <description>Wiper Freq</description>
            <properties read="true" notify="true" />
            <value length="7" />
        </characteristic>

	<characteristic uuid="bdbd0000-0000-0000-0000-1234567890ab" id="swept_freq_idx">
            <description>Swept freq index</description>
            <properties read="true" notify="true" />
            <value length="13" />
        </characteristic>

	<characteristic uuid="bebe0000-0000-0000-0000-1234567890ab" id="pressure">
            <description>Pressure</description>
            <properties read="true" notify="true" />
            <value length="8" />
        </characteristic>

    </service>
</gatt>
